{
    "$schema": "http://schema.management.azure.com/schemas/2014-04-01-preview/deploymentTemplate.json#",
    "contentVersion": "0.9.0.0",
    "parameters": {
        "clusterName": {
            "type": "string",
            "metadata": {
                "description": "The name of the HDInsight cluster to create."
            }
        },
        "clusterLoginUserName": {
            "type": "string",
            "defaultValue": "admin",
            "metadata": {
                "description": "These credentials can be used to submit jobs to the cluster and to log into cluster dashboards."
            }
        },
        "clusterLoginPassword": {
            "type": "securestring",
            "metadata": {
                "description": "The password must be at least 10 characters in length and must contain at least one digit, one non-alphanumeric character, and one upper or lower case letter."
            }
        },
        "location": {
            "type": "string",
            "defaultValue": "eastus2",
            "metadata": {
                "description": "The location where all azure resources will be deployed."
            }
        },
        "clusterVersion": {
            "type": "string",
            "defaultValue": "3.6",
            "metadata": {
                "description": "HDInsight cluster version."
            }
        },
        "clusterWorkerNodeCount": {
            "type": "int",
            "defaultValue": 2,
            "metadata": {
                "description": "The number of nodes in the HDInsight cluster."
            }
        },
        "clusterKind": {
            "type": "string",
            "defaultValue": "HBASE",
            "metadata": {
                "description": "The type of the HDInsight cluster to create."
            }
        },
        "sshUserName": {
            "type": "string",
            "defaultValue": "sshuser",
            "metadata": {
                "description": "These credentials can be used to remotely access the cluster."
            }
        },
        "sshPassword": {
            "type": "securestring",
            "metadata": {
                "description": "The password must be at least 10 characters in length and must contain at least one digit, one non-alphanumeric character, and one upper or lower case letter."
            }
        }
    },
    "resources": [
        {
            "apiVersion": "2015-03-01-preview",
            "name": "[parameters('clusterName')]",
            "type": "Microsoft.HDInsight/clusters",
            "location": "[parameters('location')]",
            "dependsOn": [],
            "properties": {
                "clusterVersion": "[parameters('clusterVersion')]",
                "osType": "Linux",
                "tier": "standard",
                "clusterDefinition": {
                    "kind": "[parameters('clusterKind')]",
                    "configurations": {
                        "gateway": {
                            "restAuthCredential.isEnabled": true,
                            "restAuthCredential.username": "[parameters('clusterLoginUserName')]",
                            "restAuthCredential.password": "[parameters('clusterLoginPassword')]"
                        }
                    }
                },
                "storageProfile": {
                    "storageaccounts": [
                        {
                            "name": "atlasstore01.blob.core.windows.net",
                            "isDefault": true,
                            "container": "hbasesolr12",
                            "key": "[listKeys('/subscriptions/4ab9b59b-aa92-49ad-a15a-be4d9455eda3/resourceGroups/atlastestgr/providers/Microsoft.Storage/storageAccounts/atlasstore01', '2015-05-01-preview').key1]"
                        }
                    ]
                },
                "computeProfile": {
                    "roles": [
                        {
                            "name": "headnode",
                            "minInstanceCount": 1,
                            "targetInstanceCount": 2,
                            "hardwareProfile": {
                                "vmSize": "Standard_D12_V2"
                            },
                            "osProfile": {
                                "linuxOperatingSystemProfile": {
                                    "username": "[parameters('sshUserName')]",
                                    "password": "[parameters('sshPassword')]"
                                }
                            },
                            "virtualNetworkProfile": {
                                "id": "/subscriptions/4ab9b59b-aa92-49ad-a15a-be4d9455eda3/resourceGroups/joseftemp/providers/Microsoft.Network/virtualNetworks/josefk-vnet",
                                "subnet": "/subscriptions/4ab9b59b-aa92-49ad-a15a-be4d9455eda3/resourceGroups/joseftemp/providers/Microsoft.Network/virtualNetworks/josefk-vnet/subnets/default"
                            },
                            "scriptActions": [
                                {
                                    "name": "- Custom",
                                    "uri": "https://atlasstore01.blob.core.windows.net/hbasesolr12/HdiSamples/atlas_install_start_binTest.sh",
                                    "parameters": "",
                                    "isHeadNode": true,
                                    "isWorkerNode": false,
                                    "isPersisted": true,
                                    "isZookeeperNode": false,
                                    "isEdgeNode": false,
                                    "applicationName": null
                                }
                            ]
                        },
                        {
                            "name": "workernode",
                            "minInstanceCount": 1,
                            "targetInstanceCount": 2,
                            "hardwareProfile": {
                                "vmSize": "Standard_D4_V2"
                            },
                            "osProfile": {
                                "linuxOperatingSystemProfile": {
                                    "username": "[parameters('sshUserName')]",
                                    "password": "[parameters('sshPassword')]"
                                }
                            },
                            "virtualNetworkProfile": {
                                "id": "/subscriptions/4ab9b59b-aa92-49ad-a15a-be4d9455eda3/resourceGroups/joseftemp/providers/Microsoft.Network/virtualNetworks/josefk-vnet",
                                "subnet": "/subscriptions/4ab9b59b-aa92-49ad-a15a-be4d9455eda3/resourceGroups/joseftemp/providers/Microsoft.Network/virtualNetworks/josefk-vnet/subnets/default"
                            },
                            "scriptActions": []
                        },
                        {
                            "name": "zookeepernode",
                            "minInstanceCount": 1,
                            "targetInstanceCount": 3,
                            "hardwareProfile": {
                                "vmSize": "Large"
                            },
                            "osProfile": {
                                "linuxOperatingSystemProfile": {
                                    "username": "[parameters('sshUserName')]",
                                    "password": "[parameters('sshPassword')]"
                                }
                            },
                            "virtualNetworkProfile": {
                                "id": "/subscriptions/4ab9b59b-aa92-49ad-a15a-be4d9455eda3/resourceGroups/joseftemp/providers/Microsoft.Network/virtualNetworks/josefk-vnet",
                                "subnet": "/subscriptions/4ab9b59b-aa92-49ad-a15a-be4d9455eda3/resourceGroups/joseftemp/providers/Microsoft.Network/virtualNetworks/josefk-vnet/subnets/default"
                            },
                            "scriptActions": []
                        }
                    ]
                }
            }
        }
    ]
}